<?xml version="1.0" encoding="UTF-8"?>
<preferences>
 <debug showDebugMenu="0" />
 <systemtable>
  <columns>
   <connections preferredWidth="175" />
   <irq preferredWidth="34" />
  </columns>
 </systemtable>
 <clocktable>
  <columns>
   <clockname preferredWidth="435" />
   <clocksource preferredWidth="434" />
   <frequency preferredWidth="419" />
  </columns>
 </clocktable>
 <library expandedCategories="Library,Project" />
 <window width="1600" height="870" x="0" y="0" />
 <hdlexample language="VERILOG" />
 <generation synthesis="VHDL" />
</preferences>
